"deviance","penalty","DIC"
2277.97287800666,46.7332386365588,2324.70611664322
