"deviance","penalty","DIC"
4104.79487209116,46.4563202179238,4151.25119230908
