"deviance","penalty","DIC"
2277.93554190245,46.7614774624614,2324.69701936491
