"deviance","penalty","DIC"
2277.9396664741,46.8227211798934,2324.762387654
