"deviance","penalty","DIC"
4104.24085753969,46.6556949165922,4150.89655245628
