"deviance","penalty","DIC"
2278.01659942474,46.7602755419257,2324.77687496667
