"deviance","penalty","DIC"
2278.03586761413,46.8035088716413,2324.83937648577
