"deviance","penalty","DIC"
2277.99397575341,46.7844584324092,2324.77843418582
