"deviance","penalty","DIC"
2278.06587971515,46.7123419784977,2324.77822169365
