"deviance","penalty","DIC"
2278.04110358902,46.7506403768692,2324.79174396589
