"deviance","penalty","DIC"
2410.36839008963,41.8031223423845,2452.17151243202
