"deviance","penalty","DIC"
2277.98686281289,46.7489904864603,2324.73585329935
