"Mean","SD","2.5%","97.5%"
1.57935636362762,0.382176885046905,0.825817010653699,2.35018935164171
