"deviance","penalty","DIC"
2318.66850441042,31.8462604766499,2350.51476488707
