"deviance","penalty","DIC"
2318.58864738321,31.8164638023088,2350.40511118552
