"deviance","penalty","DIC"
2275.13476123018,40.5279639117266,2315.66272514191
