"deviance","penalty","DIC"
2394.49254705055,42.1333370844827,2436.62588413503
