"deviance","penalty","DIC"
2275.14324268567,40.6008716341456,2315.74411431981
