"deviance","penalty","DIC"
2275.05237903654,40.4949599026288,2315.54733893917
