"deviance","penalty","DIC"
2647.45285143476,25.5934751399253,2673.04632657469
