"deviance","penalty","DIC"
2647.41554164077,25.5501289918912,2672.96567063266
